{"cameraMode":{"drawMode":0,"name":"Shaded","section":"Shading Mode"},"sceneLighting":true,"audioPlay":false,"sceneViewState":{"showFog":true,"showMaterialUpdate":false,"showSkybox":true,"showFlares":true,"showImageEffects":true,"showParticleSystems":true},"in2DMode":false,"pivot":{"x":1.7403441667556763,"y":-1.7195065021514893,"z":3.243849992752075},"rotation":{"x":-0.20601801574230195,"y":-0.598652184009552,"z":0.16298308968544007,"w":-0.7567143440246582},"size":2.70739483833313,"orthographic":false}