{"cameraMode":{"drawMode":0,"name":"Shaded","section":"Shading Mode"},"sceneLighting":false,"audioPlay":false,"sceneViewState":{"m_AlwaysRefresh":false,"showFog":true,"showSkybox":false,"showFlares":true,"showImageEffects":true,"showParticleSystems":true,"showVisualEffectGraphs":true,"m_FxEnabled":true},"in2DMode":false,"pivot":{"x":-0.030799999833106996,"y":0.09200000017881394,"z":1.9730000495910645},"rotation":{"x":-0.04759002476930618,"y":0.6504696011543274,"z":0.04075118154287338,"w":0.7570322751998901},"size":0.010898048058152199,"orthographic":false}